[{"_allAttributes":null,"_properties":null,"_methods":null,"file":"c:/Users/CYANGATE16-PC/Desktop/Task2/SearchTool/force-app/main/default/lwc/accountSearchComponent/accountSearchComponent.js","metadata":{"decorators":[],"declarationLoc":{"start":{"line":3,"column":0},"end":{"line":15,"column":1}},"classMembers":[{"type":"property","name":"searchVal","loc":{"start":{"line":5,"column":4},"end":{"line":5,"column":14}}},{"type":"method","name":"searchKey","loc":{"start":{"line":7,"column":4},"end":{"line":9,"column":5}}},{"type":"method","name":"handleSearchKey","loc":{"start":{"line":11,"column":4},"end":{"line":13,"column":5}}}],"exports":[{"type":"ExportDefaultDeclaration"}]},"updatedAt":"2022-05-14T17:53:23.795Z"}]